research_category,2008,2009,2009_ARRA,2010,2010_ARRA,2011,2012,2013,2014,2015,2016,2017,2018,2019,2020,2021_Estimated,2022_Estimated,2019_US_Mortality_19,2019_US_Prevalence_SE_19
Acquired Cognitive Impairment ,+,+,+,+,+,+,+,+,+,$798,"$1,132","$1,560","$1,978","$2,423","$2,897","$3,212","$3,307",-,-
Acute Respiratory Distress Syndrome ,$82,$103,$17,$110,$22,$96,$98,$95,$85,$108,$103,$107,$123,$126,$158,$159,$146,"10,482",-
Adolescent Sexual Activity ,+,+,+,$80,$7,$69,$76,$70,$68,$85,$91,$99,$96,$102,$88,$92,$104,-,-
Agent Orange & Dioxin ,$13,$13,$2,$11,$1,$8,$8,$10,$8,$9,$9,$11,$10,$8,$6,$6,$6,-,-
Aging ,"$1,965","$3,015",$554,"$2,517",$443,"$2,572","$2,593","$2,429","$2,556","$2,698","$3,150","$3,572","$4,084","$4,653","$5,276","$5,309","$5,498",-,-
"Alcoholism, Alcohol Use and Health 1",$452,$441,$75,$454,$65,$452,$455,$437,$475,$473,$486,$500,$534,$556,$579,$589,$608,"87,566",-
Allergic Rhinitis (Hay Fever) ,$6,$4,$1,$3,$1,$7,$7,$9,$6,$5,$7,$6,$5,$7,$7,$7,$8,98,-
ALS ,$43,$43,$13,$47,$12,$44,$44,$39,$48,$49,$52,$78,$83,$105,$107,$110,$115,-,-
Alzheimer's Disease ,$412,$457,$77,$450,$79,$448,$503,$504,$562,$589,$929,"$1,361","$1,789","$2,240","$2,683","$2,994","$3,079","146,659",-
Alzheimer's Disease including Alzheimer's Disease Related Dementias (AD/ADRD) 2,+,+,+,+,+,+,+,+,+,$631,$986,"$1,423","$1,911","$2,398","$2,869","$3,194","$3,287",-,-
Alzheimer's Disease Related Dementias (ADRD) 2,+,+,+,+,+,+,+,+,+,$120,$175,$249,$387,$515,$600,$662,$684,-,-
American Indian or Alaska Native 22,$142,$169,$19,$151,$16,$136,$170,$160,$166,$181,$180,$181,$175,$214,$308,$340,$355,-,-
Anorexia ,$7,$8,$2,$9,$2,$11,$14,$11,$11,$10,$8,$10,$11,$11,$13,$14,$15,124,-
Anthrax ,$134,$102,$13,$118,$12,$87,$84,$70,$67,$53,$51,$50,$43,$29,$32,$33,$32,-,-
Antimicrobial Resistance ,$228,$251,$52,$356,$66,$369,$377,$325,$277,$310,$420,$470,$522,$577,$638,$629,$640,-,-
Anxiety Disorders ,+,+,+,+,+,+,+,+,+,$156,$174,$190,$213,$233,$236,$245,$260,-,-
Aphasia ,$22,$22,$3,$21,$1,$21,$24,$24,$24,$25,$30,$34,$33,$43,$48,$49,$50,"2,477",-
Arctic ,$22,$28,$6,$34,$3,$28,$23,$19,$16,$14,$24,$20,$24,$27,$25,$26,$28,-,-
Arthritis ,$232,$246,$65,$249,$59,$231,$258,$231,$239,$214,$248,$240,$246,$268,$287,$292,$314,-,21.4% (0.28%)
Assistive Technology ,$215,$249,$43,$250,$48,$250,$237,$220,$228,$246,$296,$299,$345,$385,$373,$378,$401,-,-
Asthma ,$246,$284,$51,$244,$33,$221,$229,$207,$241,$281,$266,$286,$304,$313,$338,$350,$338,"10,753",8% (0.19%)
Ataxia Telangiectasia ,$13,$13,$2,$12,$1,$13,$11,$11,$8,$7,$7,$10,$10,$8,$10,$10,$10,14,-
Atherosclerosis ,$460,$495,$112,$544,$104,$475,$477,$374,$375,$386,$385,$426,$417,$400,$387,$392,$409,"28,625",-
Attention Deficit Disorder (ADD) ,$60,$71,$13,$66,$15,$55,$60,$49,$44,$41,$47,$54,$58,$64,$72,$75,$76,85,8.2% (0.36%)**
Autism ,$118,$132,$64,$160,$58,$169,$192,$186,$188,$208,$232,$245,$281,$290,$294,$305,$316,362,2.8% (0.23%)**
Autoimmune Disease ,$762,$879,$138,$856,$125,$869,$867,$821,$822,$821,$883,$934,$888,$988,"$1,083","$1,121","$1,163",-,-
Back Pain ,+,+,+,+,+,+,+,+,+,+,$23,$30,$30,$170,$55,$67,$83,-,-
Basic Behavioral and Social Science ,"$1,149","$1,410",$206,"$1,163",$198,"$1,173","$1,215","$1,172","$1,234","$1,610","$1,804","$1,993","$2,252","$2,561","$2,871","$2,998","$3,191",-,-
Batten Disease ,$5,$5,$2,$5,$1,$4,$4,$5,$5,$5,$5,$5,$7,$6,$10,$11,$11,-,-
Behavioral and Social Science ,"$3,215","$3,471",$582,"$3,526",$603,"$3,573","$3,682","$3,535","$3,688","$3,762","$4,137","$4,547","$5,096","$6,499","$7,040","$7,347","$7,882",-,-
Biodefense 3,"$1,736","$1,755",$213,"$1,794",$221,"$1,803","$1,791","$1,692","$1,746","$1,736","$1,951","$1,964","$2,170","$2,353","$2,561","$2,689","$2,792",-,-
Bioengineering ,"$2,853","$3,155",$569,"$3,166",$760,"$3,303","$3,498","$3,234","$3,329","$3,540","$3,841","$4,106","$4,592","$5,091","$5,646","$5,566","$5,764",-,-
Biomedical Imaging 23,"$1,095",$976,$206,"$1,073",$280,"$1,071","$1,090","$1,079","$1,078","$1,272","$1,361","$2,083","$2,207","$2,352","$2,544","$2,591","$2,689",-,-
Biotechnology ,"$5,179","$5,619","$1,051","$5,682","$1,203","$5,823","$6,089","$5,698","$5,889","$6,018","$6,433","$6,556","$6,923","$7,219","$7,767","$7,921","$7,912",-,-
Bipolar Disorder ,+,+,+,+,+,+,+,+,+,$80,$90,$88,$92,$89,$100,$104,$109,-,-
Brain Cancer ,$194,$234,$42,$274,$36,$280,$281,$280,$289,$298,$310,$332,$360,$359,$384,$392,$404,"17,862",0.1% (0.01%)
Brain Disorders ,"$3,729","$3,538",$685,"$3,847",$619,"$3,864","$3,968","$3,708","$3,894","$3,916","$4,577","$5,156","$5,882","$6,954","$7,565","$7,764","$8,292",-,-
Breast Cancer ,$726,$722,$111,$763,$61,$715,$800,$657,$682,$674,$656,$689,$721,$709,$788,$803,$834,"52,938",1.7% (0.08%)
"Breastfeeding, Lactation and Breast Milk ",+,+,+,+,+,+,+,+,+,+,+,$92,$77,$85,$96,$100,$98,-,-
Burden of Illness ,$48,$43,$11,$48,$8,$40,$84,$72,$73,$80,$85,$109,$100,$110,$125,$128,$132,-,-
Cachexia ,+,+,+,+,+,+,+,+,+,+,$15,$20,$19,$19,$23,$24,$25,"10,313",-
Cancer ,"$5,570","$5,629","$1,120","$5,823",$803,"$5,448","$5,621","$5,274","$5,392","$5,389","$5,589","$5,980","$6,335","$6,520","$7,035","$7,176","$7,435","690,509",9.5% (0.19%)
Cancer Genomics ,+,+,+,+,+,+,+,+,+,+,$861,$907,"$1,031","$1,018","$1,098","$1,116","$1,152",-,-
Cannabidiol Research ,+,+,+,+,+,+,+,+,+,$9,$12,$15,$19,$31,$29,$30,$31,-,-
Cannabinoid Research ,+,+,+,+,+,+,+,+,+,$111,$115,$140,$147,$189,$184,$188,$194,-,-
Cardiovascular ,"$2,027","$2,008",$396,"$2,144",$398,"$2,049","$2,040","$1,964","$1,950","$1,991","$2,108","$2,197","$2,269","$2,394","$2,536","$2,499","$2,622","1,574,518",-
Caregiving Research ,+,+,+,+,+,+,+,+,+,+,$74,$87,$121,$151,$217,$221,$231,-,-
Cerebral Palsy ,$28,$21,$4,$19,$3,$23,$42,$18,$21,$20,$26,$26,$26,$28,$35,$36,$38,"3,822",-
Cerebrovascular ,+,+,+,+,+,+,+,+,+,+,$520,$610,$718,$759,$888,$908,$948,"256,352",-
Cervical Cancer ,$69,$84,$15,$93,$8,$119,$112,$98,$116,$99,$99,$114,$112,$106,$113,$116,$122,"4,687",1.1% (0.09%)
Charcot-Marie-Tooth Disease ,$12,$14,$2,$15,$1,$13,$13,$11,$14,$14,$11,$10,$12,$13,$15,$16,$17,-,-
Child Abuse and Neglect Research ,$30,$32,$5,$32,$5,$30,$32,$30,$30,$27,$29,$29,$41,$43,$50,$51,$56,-,-
Childhood Leukemia ,$39,$47,$12,$55,$12,$59,$77,$67,$105,$155,$151,$177,$197,$178,$181,$184,$189,-,-
Childhood Obesity ,+,+,+,+,+,+,+,+,+,+,+,+,$245,$266,$270,$281,$295,-,-
Chronic Fatigue Syndrome (ME/CFS) ,$4,$5,*,$6,*,$6,$5,$5,$5,$6,$8,$15,$14,$15,$15,$15,$16,16,-
Chronic Liver Disease and Cirrhosis ,$241,$274,$37,$284,$45,$303,$288,$282,$293,$295,$293,$285,$324,$351,$368,$373,$388,"76,761",-
Chronic Obstructive Pulmonary Disease ,$75,$96,$18,$118,$15,$108,$101,$102,$107,$97,$97,$100,$111,$112,$121,$122,$127,"312,688",4.6% (0.14%)
Chronic Pain 14,$279,$333,$53,$360,$44,$386,$396,$402,$402,$391,$410,$440,$474,$856,$689,$739,$852,-,15.9% (0.24%)
Climate Change 12,$4,$4,$2,$4,$2,$6,$8,$8,$6,$7,$5,$7,$10,$10,$13,$13,$14,-,-
Climate-Related Exposures and Conditions ,$286,$179,$35,$188,$23,$155,$157,$137,$131,$150,$156,$193,$223,$235,$235,$243,$343,-,-
Clinical Research ,"$9,629","$10,336","$1,854","$10,720","$1,540","$10,503","$10,951","$10,604","$11,087","$11,366","$12,176","$12,695","$13,870","$15,868","$17,610","$18,050","$18,321",-,-
Clinical Trials and Supportive Activities 17,"$3,562","$2,966",$485,"$3,286",$356,"$3,093","$3,208","$3,155","$3,221","$3,136","$3,476","$3,775","$5,207","$6,058","$6,637","$6,904","$6,957",-,-
Colo-Rectal Cancer ,$274,$281,$48,$291,$26,$313,$302,$281,$271,$309,$274,$270,$314,$294,$319,$325,$335,"61,368",0.5% (0.05%)
Comparative Effectiveness Research ,+,$194,$246,$558,$320,$517,$597,$559,$610,$587,$632,$685,$795,$991,"$1,010","$1,033","$1,139",-,-
Complementary and Integrative Health 27,$430,$513,$70,$521,$55,$442,$493,$380,$367,$337,$366,$376,$448,$517,$555,$565,$596,-,-
Conditions Affecting the Embryonic and Fetal Periods 15,$81,$95,$8,$98,$21,$157,$165,$151,$175,$200,$166,$180,$244,$285,$283,$294,$306,-,-
Congenital Heart Disease ,+,+,+,+,+,+,+,+,+,+,$111,$119,$117,$131,$135,$138,$144,-,-
Congenital Muscular Dystrophy ,+,+,+,+,+,+,+,+,+,+,$10,$9,$8,$10,$9,$9,$10,-,-
Congenital Structural Anomalies ,+,+,+,+,+,+,+,+,+,$404,$449,$474,$495,$518,$523,$532,$557,-,-
Contraception/Reproduction ,$473,$427,$65,$419,$56,$415,$448,$408,$394,$424,$419,$437,$496,$547,$593,$607,$640,-,-
Cooley's Anemia ,$22,$21,$3,$20,$3,$20,$20,$15,$18,$15,$18,$18,$18,$22,$21,$21,$22,-,-
Coronaviruses 28,+,+,+,+,+,+,+,+,+,+,+,+,+,+,"$2,355","$2,477","$1,491",-,-
Cost Effectiveness Research ,$49,$52,$16,$80,$14,$71,$78,$82,$70,$175,$206,$223,$231,$308,$311,$319,$366,-,-
Crohn's Disease ,$51,$55,$14,$66,$12,$67,$76,$61,$65,$66,$64,$67,$69,$76,$86,$87,$90,"2,182",-
Cystic Fibrosis ,$90,$86,$13,$86,$13,$79,$86,$78,$77,$80,$89,$91,$83,$82,$94,$95,$97,451,-
Data Science ,+,+,+,+,+,+,+,+,+,+,+,+,+,$662,$915,$953,$970,-,-
Dementia ,+,+,+,+,+,+,+,$650,$704,$721,"$1,054","$1,470","$1,881","$2,326","$2,795","$2,850","$2,945",-,-
Dental/Oral and Craniofacial Disease ,$463,$490,$75,$497,$67,$501,$516,$480,$483,$493,$518,$541,$575,$613,$628,$638,$677,-,-
Depression ,$402,$402,$48,$420,$50,$426,$429,$415,$396,$390,$410,$438,$500,$578,$602,$623,$654,"18,054",-
Diabetes 4,"$1,080","$1,030",$121,"$1,046",$153,"$1,076","$1,061","$1,007","$1,011","$1,010","$1,084","$1,108","$1,039","$1,099","$1,156","$1,214","$1,252","283,378",9.3% (0.2%)
Dietary Supplements ,+,+,+,+,+,+,+,+,+,+,$294,$296,$301,$293,$318,$324,$332,-,-
Diethylstilbestrol (DES) ,$4,$4,$1,$4,$1,$3,$3,$1,$1,$1,$1,$4,$9,$2,$1,$1,$2,-,-
Digestive Diseases ,"$1,426","$1,538",$243,"$1,657",$228,"$1,698","$1,719","$1,575","$1,607","$1,684","$1,745","$1,881","$2,242","$2,173","$2,273","$2,316","$2,390",-,-
Digestive Diseases - (Gallbladder) ,$7,$7,$1,$5,*,$4,$11,$10,$9,$8,$11,$12,$17,$16,$13,$13,$13,"6,626",-
Digestive Diseases - (Peptic Ulcer) ,$14,$17,$3,$30,$3,$18,$20,$19,$15,$16,$9,$8,$8,$8,$8,$8,$8,"7,114",-
Down Syndrome ,$17,$18,$4,$22,$6,$20,$20,$18,$18,$24,$27,$35,$60,$86,$111,$117,$118,"2,249",-
Drug Abuse (NIDA only) 5,"$1,007","$1,040",$135,"$1,067",$125,"$1,051","$1,052",$993,"$1,018","$1,016","$1,049","$1,071","$1,161","$1,621","$1,458","$1,480","$1,853",-,-
Duchenne/ Becker Muscular Dystrophy ,$22,$27,$6,$33,$5,$32,$34,$33,$32,$30,$33,$30,$32,$34,$33,$34,$36,-,-
Dystonia ,$15,$16,$2,$14,$1,$13,$14,$13,$12,$14,$16,$15,$14,$18,$17,$18,$18,241,-
Eating Disorders 6,+,$26,$5,$28,$4,$27,$34,$31,$30,$31,$28,$32,$38,$44,$49,$50,$52,217,-
Eczema / Atopic Dermatitis ,+,+,+,+,+,+,+,+,+,$27,$29,$32,$35,$35,$44,$46,$44,-,-
Electronic Nicotine Delivery Systems ,+,+,+,+,+,+,+,+,+,+,+,+,+,+,$61,$63,$66,-,16.9% (0.29%)
Emergency Care ,+,+,+,+,+,+,+,+,+,$122,$129,$139,$146,$166,$182,$179,$196,-,-
Emerging Infectious Diseases ,"$2,098","$2,080",$307,"$2,118",$350,"$2,190","$2,153","$1,804","$1,930","$2,053","$2,336","$2,591","$2,767","$2,950","$4,867","$5,069","$4,318",-,-
Emphysema ,$29,$28,$11,$23,$9,$22,$20,$24,$27,$28,$29,$27,$28,$27,$49,$50,$51,"17,786",-
Endocannabinoid System Research ,+,+,+,+,+,+,+,+,+,+,$51,$63,$63,$73,$71,$72,$75,-,-
Endocrine Disruptors ,+,+,+,+,+,+,+,+,+,+,$140,$177,$195,$187,$181,$187,$187,-,-
Endometriosis ,$15,$15,$2,$15,$1,$14,$9,$7,$7,$10,$10,$6,$7,$13,$14,$15,$16,40,-
Epilepsy ,$145,$128,$21,$134,$27,$152,$156,$129,$154,$138,$153,$154,$184,$188,$198,$204,$212,"7,711",-
Esophageal Cancer ,+,+,+,+,+,+,+,+,+,+,+,+,+,+,$37,$38,$39,"1,181",0.1% (0.01%)
Estrogen ,$245,$235,$34,$231,$23,$227,$221,$218,$203,$194,$205,$220,$230,$243,$259,$265,$274,-,-
Eye Disease and Disorders of Vision ,$796,$862,$129,$817,$110,$831,$841,$774,$824,$779,$847,$882,$963,$985,"$1,012","$1,027","$1,059",-,16.4% (0.28%)
Facioscapulohumeral Muscular Dystrophy ,$3,$3,$2,$5,$1,$6,$5,$5,$7,$8,$9,$11,$11,$10,$9,$9,$10,-,-
Fetal Alcohol Syndrome ,$34,$34,$7,$33,$5,$36,$32,$33,$34,$32,$29,$28,$34,$34,$36,$37,$38,19,-
Fibroid Tumors (Uterine) ,$16,$18,$2,$12,$2,$12,$14,$10,$9,$10,$12,$11,$13,$17,$18,$18,$20,100,-
Fibromyalgia ,$12,$11,$2,$9,*,$11,$13,$11,$10,$8,$11,$14,$14,$13,$24,$24,$30,592,-
Firearms Research ,+,+,+,+,+,+,+,+,+,+,+,+,+,+,$14,$18,$32,-,-
Food Allergies ,+,+,+,+,+,$33,$31,$36,$35,$39,$76,$79,$59,$62,$73,$76,$77,-,-
Foodborne Illness 7,$244,$262,$37,$290,$35,$287,$257,$229,$232,$105,$116,$105,$139,$141,$148,$152,$156,-,-
Fragile X Syndrome ,$26,$27,$5,$25,$4,$29,$27,$30,$36,$38,$44,$46,$38,$37,$41,$42,$44,38,-
Frontotemporal Dementia (FTD) ,$17,$22,$2,$18,$1,$23,$26,$32,$37,$36,$65,$91,$94,$158,$166,$169,$176,"2,300",-
Gene Therapy ,$249,$221,$28,$248,$32,$248,$256,$226,$253,$238,$265,$266,$315,$391,$403,$411,$423,-,-
Gene Therapy Clinical Trials ,$16,$11,*,$14,*,$14,$15,$15,$26,$23,$32,$34,$52,$46,$55,$56,$58,-,-
Genetic Testing ,$383,$316,$76,$298,$121,$270,$255,$272,$231,$161,$165,$148,$151,$183,$216,$221,$227,-,-
Genetics ,"$6,872","$7,278","$1,676","$7,473","$1,440","$7,223","$7,632","$7,144","$7,324","$7,480","$8,070","$8,501","$9,105","$9,864","$10,544","$10,782","$11,098",-,-
Headaches ,+,+,+,$18,$1,$21,$24,$25,$24,$24,$24,$30,$32,$40,$42,$43,$44,-,-
Health Disparities 8,"$2,614","$2,806",$434,"$2,728",$351,"$2,718","$2,740","$2,722","$2,734","$2,825","$3,093","$3,168","$3,178","$3,381","$3,484","$3,675","$4,041",-,-
Health Effects of Household Energy Combustion ,+,+,+,+,+,+,+,+,+,$14,$17,$17,$20,$20,$20,$21,$21,-,-
Health Effects of Indoor Air Pollution ,+,+,+,+,+,+,+,+,+,$103,$103,$104,$111,$112,$122,$127,$126,-,-
Health Services ,$743,"$1,102",$316,"$1,143",$334,"$1,172","$1,317","$1,262","$1,342","$1,437","$1,692","$1,770","$1,971","$2,310","$2,613","$2,603","$2,744",-,-
Hearing Loss ,+,+,+,+,+,+,+,+,+,+,+,+,+,$163,$173,$176,$181,-,14.6% (0.26%)
Heart Disease ,"$1,217","$1,202",$227,"$1,329",$235,"$1,236","$1,278","$1,230","$1,224","$1,262","$1,289","$1,370","$1,403","$1,443","$1,606","$1,553","$1,616","1,592,187",-
Heart Disease - Coronary Heart Disease ,$367,$426,$98,$457,$80,$437,$468,$404,$421,$426,$419,$444,$444,$421,$408,$413,$430,"542,903",6.4% (0.16%)
Hematology ,$894,$908,$151,$961,$141,"$1,006","$1,091","$1,020","$1,189","$1,217","$1,317","$1,385","$1,464","$1,474","$1,642","$1,596","$1,645",-,-
Hepatitis ,$180,$178,$23,$204,$25,$208,$210,$195,$251,$262,$267,$306,$349,$378,$362,$371,$385,-,-
Hepatitis - A ,$6,$4,*,$4,+,$4,$2,$2,$3,$4,$3,$4,$5,$3,$5,$5,$5,225,-
Hepatitis - B ,$53,$51,$6,$66,$4,$58,$51,$48,$48,$42,$47,$42,$55,$67,$70,$72,$74,"1,672",-
Hepatitis - C ,$93,$97,$12,$100,$12,$114,$112,$101,$111,$96,$107,$114,$129,$150,$120,$123,$128,"14,242",-
HIV/AIDS 9,"$2,928","$3,019",$319,"$3,085",$322,"$3,059","$3,074","$2,898","$2,978","$3,000","$3,000","$3,000","$2,995","$3,037","$3,076","$3,090","$3,100","7,150",-
Hodgkin's Disease ,$16,$26,$1,$24,$1,$20,$21,$13,$14,$16,$15,$12,$14,$12,$18,$18,$19,"1,446",-
Homelessness ,$13,$16,$3,$15,$3,$9,$10,$11,$14,$15,$17,$17,$18,$17,$29,$34,$35,-,-
Homicide and Legal Interventions ,*,$2,$1,$1,*,$1,$1,*,*,$1,$1,$1,$2,$3,$6,$6,$7,-,-
HPV and/or Cervical Cancer Vaccines ,$19,$25,$2,$25,$2,$24,$26,$25,$38,$31,$38,$59,$37,$40,$47,$48,$50,-,-
Human Fetal Tissue 11,$40,$41,$22,$55,$24,$66,$71,$67,$76,$80,$103,$98,$115,$109,$82,$85,$88,-,-
Human Genome ,"$1,259","$1,775",$566,"$1,904",$598,"$1,907","$2,271","$2,473","$2,701","$2,891","$3,200","$3,274","$3,626","$3,895","$4,340","$4,435","$4,553",-,-
Huntington's Disease ,$51,$57,$12,$65,$7,$56,$65,$55,$50,$39,$37,$47,$52,$48,$49,$51,$53,"1,367",-
Hydrocephalus ,+,+,+,+,+,+,$7,$6,$5,$6,$8,$11,$10,$10,$15,$16,$17,-,-
Hyperbaric Oxygen ,$4,$3,*,$2,+,$2,$2,$1,$2,$3,$3,$6,$5,$4,$3,$3,$3,-,-
Hypertension ,$263,$266,$41,$251,$50,$240,$215,$222,$216,$214,$224,$235,$260,$266,$301,$306,$326,"516,955",27.1% (0.32%)
Immunization ,"$1,734","$1,773",$191,"$1,798",$231,"$1,756","$1,733","$1,656","$1,607","$1,617","$1,828","$2,382","$2,127","$2,351","$2,721","$2,820","$2,615",-,-
Immunotherapy ,+,+,+,+,+,+,+,+,+,+,+,+,+,"$1,436","$1,769","$1,810","$1,789",-,-
Infant Mortality ,+,+,+,+,+,+,+,+,+,$75,$78,$96,$99,$105,$125,$137,$147,-,-
Infectious Diseases ,"$3,575","$3,627",$526,"$3,890",$568,"$3,883","$3,867","$4,887","$5,002","$5,032","$5,518","$5,684","$6,024","$6,313","$8,301","$8,599","$8,019",-,-
Infertility ,$73,$75,$17,$76,$16,$74,$74,$78,$76,$72,$86,$94,$120,$151,$161,$164,$173,-,-
Inflammatory Bowel Disease ,$81,$91,$22,$106,$19,$113,$121,$114,$125,$128,$126,$134,$144,$163,$177,$180,$186,"3,646",-
Influenza ,$204,$316,$46,$308,$88,$272,$251,$304,$262,$280,$263,$301,$340,$384,$450,$472,$460,"7,611",-
Injury - Childhood Injuries ,$26,$33,$3,$36,$3,$33,$37,$37,$35,$39,$47,$60,$145,$169,$220,$226,$241,-,-
Injury - Trauma - (Head and Spine) ,$150,$161,$33,$179,$31,$166,$171,$183,$216,$197,$192,$222,$236,$262,$298,$307,$323,-,-
Injury - Traumatic brain injury ,$59,$71,$15,$85,$9,$81,$79,$88,$87,$93,$105,$116,$133,$134,$179,$184,$192,-,-
Injury - Unintentional Childhood Injury ,$15,$19,$1,$22,$1,$20,$22,$20,$22,$23,$26,$31,$60,$67,$73,$76,$80,-,-
Intellectual and Developmental Disabilities (IDD) 15,$350,$281,$94,$311,$87,$333,$355,$343,$356,$382,$418,$455,$515,$564,$595,$623,$636,-,4.7% (0.26%)**
Interstitial Cystitis ,$10,$11,$1,$12,$1,$13,$10,$10,$9,$10,$9,$10,$13,$11,$13,$13,$13,39,-
Kidney Disease ,$523,$570,$85,$552,$98,$557,$556,$551,$549,$564,$574,$592,$598,$649,$651,$660,$685,-,-
Lead Poisoning ,$9,$11,$3,$11,$1,$10,$8,$8,$7,$7,$9,$10,$10,$11,$11,$11,$11,2,-
Lewy Body Dementia ,+,+,+,+,+,+,+,+,$15,$15,$22,$31,$38,$66,$84,$93,$96,-,-
Liver Cancer ,$89,$94,$12,$102,$10,$74,$73,$71,$74,$85,$83,$90,$113,$127,$130,$133,$137,"30,898",0.1% (0.01%)
Liver Disease ,$562,$572,$79,$627,$85,$623,$632,$594,$605,$616,$635,$691,$802,$851,$845,$860,$892,"154,284",-
Lung ,"$1,211","$1,265",$234,"$1,269",$207,"$1,278","$1,286","$1,230","$1,329","$1,619","$1,604","$1,718","$1,849","$1,946","$2,458","$2,405","$2,343",-,-
Lung Cancer ,$169,$178,$36,$201,$22,$221,$233,$208,$254,$349,$331,$352,$403,$419,$447,$453,$466,"150,790",0.3% (0.03%)
Lupus ,$126,$115,$19,$112,$15,$106,$108,$92,$99,$90,$97,$109,$123,$121,$134,$136,$139,"3,554",-
Lyme Disease ,$22,$25,$5,$24,$5,$28,$25,$20,$23,$24,$28,$22,$30,$32,$40,$50,$50,96,-
Lymphoma ,$193,$184,$22,$195,$14,$199,$213,$233,$251,$270,$264,$266,$298,$248,$265,$270,$277,"27,075",0.4% (0.04%)
Machine Learning and Artificial Intelligence ,+,+,+,+,+,+,+,+,+,+,+,+,+,$585,$849,$913,$952,-,-
Macular Degeneration ,$135,$85,$8,$104,$9,$105,$101,$98,$82,$82,$99,$100,$105,$124,$107,$108,$111,718,-
Major Depressive Disorder ,+,+,+,+,+,+,+,+,+,$95,$103,$104,$107,$131,$149,$155,$161,-,-
Malaria ,$132,$110,$11,$134,$14,$145,$152,$147,$169,$163,$183,$192,$202,$196,$211,$218,$220,9,-
Malaria Vaccine ,$32,$34,$3,$41,$4,$39,$40,$34,$36,$44,$47,$61,$57,$58,$64,$66,$64,-,-
Maternal Health ,+,+,+,+,+,+,+,+,+,+,+,$249,$303,$334,$407,$423,$463,-,-
Maternal Morbidity and Mortality ,+,+,+,+,+,+,+,+,+,+,+,+,+,+,$224,$230,$272,"1,820",-
Mental Health ,"$2,086","$2,129",$382,"$2,246",$334,"$2,275","$2,287","$2,174","$2,213","$2,263","$2,454","$2,717","$3,010","$3,296","$3,577","$3,696","$3,911",-,-
Mental Illness ,+,+,+,+,+,+,+,+,+,+,$826,$882,$972,"$1,063","$1,167","$1,211","$1,277",-,-
Methamphetamine ,$67,$69,$13,$73,$14,$70,$69,$68,$63,$58,$50,$48,$49,$47,$92,$94,$118,-,-
Microbiome ,+,+,+,+,+,+,+,+,+,+,+,+,+,$766,$852,$873,$898,-,-
Migraines ,+,+,+,$15,*,$16,$18,$19,$20,$20,$18,$22,$21,$28,$28,$29,$30,-,22.4% (0.31%)
Mind and Body ,$567,$494,$90,$549,$81,$533,$533,$210,$211,$217,$230,$279,$326,$390,$395,$407,$435,-,-
Minority Health 8,"$2,396","$2,592",$378,"$2,526",$312,"$2,504","$2,487","$2,428","$2,514","$2,538","$2,712","$2,934","$3,065","$3,188","$3,314","$3,506","$3,874",-,-
Mucopolysaccharidoses (MPS) ,$7,$7,*,$8,*,$10,$10,$8,$6,$6,$7,$7,$9,$8,$9,$9,$10,73,-
Multiple Sclerosis ,$169,$137,$25,$133,$18,$122,$115,$112,$102,$94,$97,$111,$112,$111,$124,$128,$131,"6,497",-
Muscular Dystrophy ,$56,$66,$17,$74,$12,$75,$75,$76,$78,$77,$79,$81,$81,$83,$95,$97,$102,"1,208",-
Myasthenia Gravis ,$9,$9,$3,$8,$3,$9,$7,$7,$8,$7,$5,$5,$4,$5,$5,$5,$6,"2,000",-
Myotonic Dystrophy ,$9,$9,$4,$10,$2,$9,$10,$10,$9,$9,$9,$11,$13,$12,$24,$25,$26,-,-
Nanotechnology 12,$304,$343,$73,$435,$76,$409,$456,$430,$409,$364,$398,$444,$540,$650,$687,$700,$721,-,-
Neck Pain ,+,+,+,+,+,+,+,+,+,+,$1,$2,*,$2,$1,$1,$1,-,-
Neonatal Respiratory Distress 20,$18,$31,$5,$31,$3,$37,$38,$33,$52,$31,$52,$62,$62,$79,$85,$87,$97,791,-
Networking and Information Technology R&D (NITRD) 12,$911,"$1,174",$168,$647,$248,$551,$532,$521,$612,$729,"$1,039","$1,149","$1,274","$1,550","$1,837","$1,874","$1,972",-,-
Neuroblastoma ,+,+,+,+,+,$25,$34,$33,$37,$32,$37,$53,$52,$58,$66,$67,$69,-,-
Neurodegenerative ,"$1,621","$1,553",$262,"$1,571",$243,"$1,622","$1,671","$1,619","$1,743","$1,662","$2,058","$2,554","$3,085","$3,578","$4,021","$4,110","$4,266",-,-
Neurofibromatosis ,$14,$17,$2,$24,$1,$23,$18,$17,$21,$22,$29,$31,$31,$36,$27,$28,$28,360,-
Neurosciences ,"$5,224","$5,320",$848,"$5,515",$794,"$5,548","$5,618","$5,340","$5,580","$5,742","$6,460","$7,317","$8,224","$9,468","$10,122","$10,353","$10,967",-,-
Nutrition ,"$1,391","$1,400",$205,"$1,435",$208,"$1,411","$1,692","$1,524","$1,555","$1,574","$1,615","$1,708","$1,830","$1,931","$2,047","$2,098","$2,189",-,-
Obesity ,$664,$745,$117,$824,$147,$830,$836,$812,$857,$900,$965,$999,"$1,055","$1,109","$1,145","$1,170","$1,228","47,466",32.1% (0.36%)
Opioid Misuse and Addiction 26,+,+,+,+,+,+,+,+,+,+,+,+,$231,$811,$655,$718,"$1,094","68,126",-
Opioids 26,+,+,+,+,+,+,+,+,+,+,+,+,$336,$978,$807,$886,"$1,254",-,-
Organ Transplantation ,$175,$139,$32,$150,$37,$164,$150,$140,$142,$148,$153,$170,$184,$191,$208,$213,$216,-,-
Orphan Drug ,$645,$441,$118,$512,$89,$749,$809,$764,$809,$785,"$1,536","$1,653","$1,985","$1,999","$2,219","$2,270","$2,307",-,-
Osteoarthritis ,+,+,+,+,+,+,+,+,+,$76,$76,$78,$77,$85,$108,$110,$123,-,-
Osteogenesis Imperfecta ,$5,$5,$1,$8,$4,$9,$9,$8,$11,$11,$16,$13,$12,$12,$15,$15,$16,85,-
Osteoporosis ,$183,$198,$21,$181,$23,$179,$181,$164,$141,$146,$141,$139,$152,$151,$148,$151,$159,"7,252",-
Otitis Media ,$18,$15,$7,$19,$2,$15,$17,$14,$16,$15,$16,$9,$10,$13,$10,$10,$10,91,-
Ovarian Cancer ,$96,$102,$13,$122,$10,$138,$147,$133,$131,$118,$144,$151,$159,$168,$188,$192,$198,"14,620",0.4% (0.06%)
Paget's Disease ,$1,$1,$1,$1,*,$1,$1,*,*,$1,$2,$2,$3,$2,$3,$4,$4,131,-
Pain Research 26,+,+,+,+,+,+,$479,$475,$499,$463,$483,$516,$605,"$1,011",$846,$907,"$1,304",-,-
Pancreatic Cancer ,+,+,+,+,+,$112,$127,$125,$123,$174,$168,$199,$215,$219,$230,$233,$239,"48,250",0% (0.01%)
Parkinson's Disease ,$152,$162,$24,$154,$18,$151,$154,$135,$139,$146,$161,$168,$193,$224,$242,$249,$260,"52,359",-
Patient Safety ,+,+,+,$859,$263,$839,$845,$858,"$1,008",$861,"$1,048","$1,099","$1,268","$1,454","$1,536","$1,574","$1,657",-,-
Pediatric ,"$2,771","$2,996",$505,"$3,286",$479,"$3,277","$3,612","$3,266","$3,486","$3,632","$3,959","$4,176","$4,499","$4,922","$5,347","$5,538","$5,745",-,-
Pediatric AIDS 9,$241,$227,$20,$216,$15,$228,$219,$188,$166,$166,$175,$179,$183,$179,$164,$165,$165,-,-
Pediatric Cancer ,+,+,+,+,+,+,+,+,$276,$342,$351,$433,$514,$546,$579,$590,$606,-,-
Pediatric Cardiomyopathy ,+,+,+,+,+,+,+,+,+,+,$27,$30,$24,$25,$21,$21,$22,-,-
Pelvic Inflammatory Disease ,$3,$3,$1,$4,$1,$4,$3,$3,$2,$4,$3,$2,$7,$5,$5,$5,$6,366,-
Perinatal Period - Conditions Originating in Perinatal Period ,$449,$470,$65,$542,$84,$498,$538,$486,$534,$561,$569,$616,$689,$784,$831,$856,$897,"13,712",-
Peripheral Neuropathy 18,$121,$119,$13,$121,$10,$146,$145,$151,$156,$105,$122,$121,$143,$202,$193,$197,$220,-,-
Physical Activity ,+,+,+,+,+,+,+,+,+,+,$392,$421,$507,$576,$646,$659,$692,-,-
Physical Injury - Accidents and Adverse Effects 29,$299,$340,$58,$372,$46,$356,$366,$367,$404,$399,$447,$496,$639,$897,$843,$867,$956,-,-
Physical Rehabilitation ,+,+,+,+,+,+,+,+,$113,$120,$133,$146,$167,$200,$215,$220,$236,-,-
Pick's Disease ,$2,$2,*,$2,*,$3,$2,$3,$4,$2,$8,$8,$8,$11,$11,$12,$12,-,-
Pneumonia ,$93,$108,$15,$93,$17,$117,$115,$113,$107,$112,$127,$114,$134,$146,$223,$230,$203,"140,661",-
Pneumonia & Influenza ,$295,$392,$58,$396,$102,$382,$358,$407,$362,$384,$380,$408,$467,$521,$660,$686,$648,"148,272",-
Polycystic Kidney Disease ,$41,$38,$7,$35,$6,$42,$42,$40,$36,$29,$26,$29,$31,$31,$36,$37,$38,801,-
Post-Traumatic Stress Disorder (PTSD) ,+,+,+,+,+,+,+,$77,$79,$85,$89,$101,$112,$138,$143,$148,$159,"1,993",-
Postural Orthostatic Tachycardia Syndrome ,+,+,+,+,+,+,+,+,+,+,+,+,+,+,$3,$3,$3,-,-
Precision Medicine ,+,+,+,+,+,+,+,+,+,+,$785,"$1,152","$1,323","$1,795","$2,078","$2,136","$2,167",-,-
Pregnancy ,+,+,+,+,+,+,+,+,+,+,+,$319,$419,$487,$550,$570,$607,-,-
Prescription Drug Abuse ,+,+,+,$29,$7,$28,$33,$33,$40,$48,$51,$69,$123,$223,$187,$190,$233,-,-
"Preterm, Low Birth Weight and Health of the Newborn 21",$197,$177,$23,$183,$47,$214,$217,$198,$206,$223,$240,$291,$295,$374,$444,$463,$495,"4,854",-
Prevention ,"$4,623","$5,332",$844,"$5,983",$849,"$5,929","$5,924","$6,686","$6,858","$7,027","$7,566","$8,052","$8,757","$9,485","$10,482","$10,842","$11,104",-,-
Prostate Cancer ,$290,$310,$47,$331,$31,$284,$257,$286,$254,$288,$253,$239,$261,$263,$264,$269,$280,"44,395",2.3% (0.12%)
Psoriasis ,$8,$13,$3,$13,$3,$10,$10,$12,$13,$14,$18,$17,$15,$16,$17,$18,$19,572,-
Radiation Oncology ,+,+,+,+,+,+,+,+,+,+,$284,$313,$332,$351,$375,$382,$390,-,-
Rare Diseases ,+,+,+,+,+,"$3,527","$3,623","$3,456","$3,639","$3,679","$4,342","$4,613","$5,227","$5,655","$5,947","$6,080","$6,219",-,-
Regenerative Medicine ,$723,$799,$144,$820,$142,$824,$877,$831,$836,$862,$886,$939,"$1,005","$1,069","$1,126","$1,145","$1,191",-,-
Rehabilitation ,$403,$404,$75,$458,$93,$459,$449,$446,$494,$514,$532,$565,$638,$744,$847,$864,$921,-,-
Rett Syndrome ,$9,$9,$4,$13,$2,$12,$13,$13,$12,$12,$14,$15,$16,$15,$15,$15,$16,85,-
Rheumatoid Arthritis ,+,+,+,+,+,+,+,+,+,$59,$91,$93,$92,$94,$87,$89,$91,"9,211",-
Rural Health ,$170,$186,$42,$207,$33,$211,$231,$187,$197,$192,$295,$259,$338,$541,$728,$733,$762,-,-
Sarcopenia ,+,+,+,+,+,+,+,+,+,+,$16,$19,$21,$22,$28,$28,$29,-,-
Schizophrenia ,$249,$265,$85,$276,$63,$264,$268,$232,$253,$241,$254,$243,$248,$263,$256,$266,$278,"4,624",-
Scleroderma ,$20,$21,$2,$19,$2,$25,$24,$21,$24,$22,$18,$17,$23,$24,$24,$24,$25,8,-
Screening And Brief Intervention For Substance Abuse ,+,+,+,$26,$4,$30,$31,$25,$30,$35,$35,$38,$39,$61,$47,$49,$58,-,-
Sepsis 15,$95,$92,$19,$90,$17,$91,$96,$88,$100,$103,$116,$125,$135,$137,$155,$159,$163,"201,142",-
Serious Mental Illness ,+,+,+,+,+,+,+,+,$407,$381,$400,$402,$419,$455,$519,$540,$567,-,-
Sexual and Gender Minorities (SGM/LGBT*) 10,+,+,+,+,+,+,+,+,+,$162,$166,$233,$295,$258,$276,$290,$311,-,-
Sexually Transmitted Infections 24,$245,$250,$43,$250,$38,$259,$275,$242,$263,$250,$260,$322,$354,$354,$394,$404,$419,-,-
Sickle Cell Disease ,$80,$63,$14,$73,$12,$65,$65,$70,$75,$75,$92,$109,$104,$139,$145,$147,$155,975,-
Sleep Research ,$225,$217,$33,$226,$22,$232,$238,$229,$233,$313,$315,$327,$352,$436,$461,$470,$493,-,-
Small Pox ,$94,$94,$4,$92,$5,$41,$40,$30,$24,$17,$49,$57,$13,$10,$13,$13,$13,-,-
Social Determinants of Health ,+,+,+,+,+,+,+,+,+,+,+,+,+,+,"$3,058","$3,249","$3,483",-,-
Spina Bifida ,$15,$14,$3,$12,$6,$11,$12,$10,$10,$10,$12,$13,$14,$16,$18,$19,$20,408,-
Spinal Cord Injury ,$80,$80,$14,$87,$16,$78,$79,$94,$80,$82,$71,$77,$78,$103,$101,$104,$111,"1,410",-
Spinal Muscular Atrophy ,$10,$11,$3,$16,$3,$19,$15,$13,$16,$11,$10,$11,$12,$13,$8,$9,$9,117,-
Stem Cell Research ,$938,"$1,044",$187,"$1,099",$187,"$1,179","$1,374","$1,273","$1,391","$1,429","$1,516","$1,646","$1,824","$2,014","$2,105","$2,150","$2,229",-,-
Stem Cell Research - Embryonic - Human ,$88,$120,$23,$126,$40,$123,$146,$146,$166,$180,$206,$252,$278,$306,$309,$317,$329,-,-
Stem Cell Research - Embryonic - Non-Human ,$150,$148,$29,$175,$20,$165,$164,$154,$150,$159,$146,$129,$130,$140,$141,$144,$149,-,-
Stem Cell Research - Induced Pluripotent Stem Cell ,+,+,+,+,+,+,$206,$228,$313,$324,$374,$421,$507,$607,$657,$672,$697,-,-
Stem Cell Research - Induced Pluripotent Stem Cell - Human ,+,+,+,+,+,+,$175,$199,$280,$282,$335,$382,$468,$563,$613,$627,$651,-,-
Stem Cell Research - Induced Pluripotent Stem Cell - Non-Human ,+,+,+,+,+,+,$48,$43,$49,$61,$56,$59,$68,$74,$73,$75,$77,-,-
Stem Cell Research - Nonembryonic - Human ,$297,$339,$58,$341,$74,$395,$504,$431,$443,$445,$457,$484,$518,$569,$608,$620,$642,-,-
Stem Cell Research - Nonembryonic - Non-Human ,$497,$550,$88,$570,$74,$620,$653,$613,$627,$632,$652,$704,$758,$781,$830,$846,$880,-,-
Stem Cell Research - Umbilical Cord Blood/ Placenta ,$46,$49,$10,$42,$8,$41,$47,$40,$34,$35,$42,$40,$39,$38,$35,$36,$37,-,-
Stem Cell Research - Umbilical Cord Blood/ Placenta - Human ,$38,$42,$9,$40,$7,$36,$43,$35,$28,$32,$33,$35,$36,$36,$31,$31,$32,-,-
Stem Cell Research - Umbilical Cord Blood/ Placenta - Non-Human ,$9,$10,$1,$5,$1,$10,$8,$7,$7,$6,$10,$6,$4,$2,$5,$5,$6,-,-
Stomach Cancer ,+,+,+,+,+,+,+,+,+,+,+,+,+,+,$24,$25,$25,"12,030",0.1% (0.01%)
Stroke ,$296,$329,$54,$337,$54,$317,$310,$282,$300,$288,$308,$331,$348,$350,$441,$454,$477,"214,334",3.1% (0.11%)
Substance Abuse 13,"$1,763","$1,653",$245,"$1,674",$216,"$1,623","$1,634","$1,525","$1,564","$1,549","$1,610","$1,636","$1,795","$2,460","$2,293","$2,348","$2,709",-,-
Substance Abuse Prevention ,+,+,+,$43,$10,$44,$41,$65,$69,$67,$57,$53,$50,$62,$79,$82,$98,-,-
Sudden Infant Death Syndrome ,$29,$22,$6,$25,$2,$23,$24,$20,$20,$17,$16,$13,$7,$11,$13,$14,$14,"1,277",-
Suicide ,$39,$36,$15,$36,$4,$49,$44,$37,$39,$46,$52,$68,$96,$117,$139,$149,$156,"47,612",-
Suicide Prevention ,+,+,+,$17,$2,$25,$22,$21,$22,$24,$33,$35,$51,$60,$82,$90,$94,-,-
Teenage Pregnancy ,$21,$23,$5,$22,$5,$19,$18,$17,$16,$14,$14,$14,$17,$17,$11,$12,$14,-,-
Temporomandibular Muscle/Joint Disorder (TMJD) ,$19,$15,$1,$16,$1,$18,$21,$19,$18,$16,$15,$13,$14,$17,$17,$17,$20,1,-
Therapeutic Cannabinoid Research ,+,+,+,+,+,+,+,+,+,$21,$28,$36,$37,$46,$54,$55,$57,-,-
Tobacco ,$311,$331,$78,$339,$55,$362,$355,$322,$321,$300,$299,$293,$302,$320,$320,$328,$342,-,-
Tobacco Smoke and Health 25,$310,$329,$78,$336,$55,$360,$353,$321,$320,$298,$298,$293,$284,$301,$285,$293,$305,-,14% (0.26%)
Topical Microbicides ,$102,$92,$7,$84,$5,$104,$99,$93,$103,$107,$99,$91,$86,$84,$75,$78,$80,-,-
Tourette Syndrome ,$8,$7,$3,$7,*,$5,$6,$4,$4,$5,$5,$6,$10,$11,$10,$11,$11,20,-
Transmissible Spongiform Encephalopathy (TSE) ,$44,$43,$4,$48,$3,$46,$39,$35,$33,$36,$33,$32,$34,$34,$32,$33,$34,658,-
Transplantation ,$519,$571,$94,$574,$109,$592,$552,$538,$561,$582,$601,$606,$650,$733,$721,$738,$759,-,-
Tuberculosis ,$142,$189,$27,$189,$35,$209,$218,$240,$279,$272,$290,$347,$403,$488,$477,$493,$503,982,-
Tuberculosis Vaccine ,$18,$15,$3,$13,$3,$17,$21,$26,$31,$23,$27,$29,$40,$61,$59,$61,$60,-,-
Tuberous Sclerosis ,$20,$20,$3,$20,$2,$20,$23,$20,$24,$21,$26,$21,$23,$25,$27,$27,$28,59,-
Underage Drinking ,+,+,+,$75,$5,$77,$80,$75,$83,$74,$73,$66,$87,$97,$101,$102,$106,-,-
Underage Drinking - Prevention & Treatment (NIAAA Only) 16,+,+,+,$56,$2,$57,$62,$62,$59,$52,$55,$51,$56,$58,$61,$61,$63,-,-
Urologic Diseases ,$534,$578,$81,$563,$56,$542,$496,$497,$494,$527,$506,$515,$541,$546,$592,$603,$625,-,-
Usher Syndrome ,+,+,+,+,+,+,+,+,$19,$16,$16,$18,$18,$17,$18,$18,$19,-,-
Uterine Cancer ,$16,$25,$4,$26,$4,$40,$42,$39,$57,$52,$50,$45,$47,$36,$32,$33,$34,"13,036",0.6% (0.06%)
Vaccine Related ,"$1,632","$1,593",$185,"$1,737",$222,"$1,717","$1,691","$1,608","$1,573","$1,585","$1,773","$1,823","$2,022","$2,236","$2,568","$2,663","$2,461",-,-
Vaccine Related (AIDS) 9,$556,$561,$35,$535,$27,$550,$557,$518,$533,$541,$605,$562,$562,$598,$579,$597,$594,-,-
Vaginal Cancer ,+,+,+,+,+,+,+,+,+,$6,$5,$5,$12,$4,$2,$2,$2,-,-
Valley Fever ,+,+,+,+,+,+,+,+,$3,$11,$7,$7,$6,$16,$10,$10,$10,-,-
Vascular Cognitive Impairment/Dementia ,+,+,+,+,+,+,+,+,$45,$72,$89,$130,$259,$299,$362,$368,$382,-,-
Vector-Borne Diseases ,$417,$401,$66,$426,$68,$466,$441,$437,$487,$439,$546,$557,$630,$611,$731,$756,$752,-,-
Violence Against Women ,$45,$39,$2,$36,$2,$34,$36,$31,$35,$31,$30,$30,$32,$37,$39,$41,$44,-,-
Violence Research ,$183,$182,$21,$174,$19,$156,$154,$137,$130,$107,$111,$115,$131,$141,$157,$163,$180,-,-
Vulvodynia ,+,$1,$1,$2,$1,$2,$4,$4,$3,$2,$2,$1,$2,$2,$2,$2,$2,-,-
West Nile Virus ,$39,$59,$7,$46,$6,$65,$29,$40,$48,$40,$46,$42,$36,$24,$27,$27,$28,90,-
Women's Health 8,"$3,514","$3,725",$506,"$3,691",$449,"$3,891","$3,833","$3,745","$3,935","$3,989","$4,540","$4,769","$5,048","$4,469","$4,466","$4,537","$4,779",-,-
Wound Healing and Care ,+,+,+,+,+,+,+,+,+,+,+,+,+,+,$163,$167,$172,-,-
Youth Violence ,$115,$111,$12,$102,$10,$87,$77,$70,$59,$47,$46,$50,$46,$48,$38,$40,$46,-,-
Youth Violence Prevention ,+,+,+,$32,$2,$26,$27,$26,$16,$15,$17,$21,$22,$24,$21,$23,$27,-,-